Date,Adj Close,Close,High,Low,Open,Volume,Return,MACD (%),% Distance 200MA,Volume Ratio,ATR,RSI,Volatility,Breakout
2024-01-02,428.3769226074219,434.010009765625,435.2699890136719,432.3599853515625,433.9100036621094,9076000,-0.0063873125121655105,1.4107104694030699,8.60089486706988,1.7393637408968954,15.57000732421875,17.26949444693949,0.10902105791181817,0
2024-01-03,425.1986999511719,430.7900085449219,433.0,430.25,432.32000732421875,4805000,-0.0074191865354488185,1.2494968777964168,7.699615751049781,0.9297699569171112,12.329986572265625,8.253710246852265,0.111213957588733,1
2024-01-04,423.8563537597656,429.42999267578125,432.7799987792969,429.2099914550781,430.3299865722656,3945300,-0.003157027419773195,1.0842344112180187,7.270702787741323,0.7595521582058605,9.6300048828125,-7.300699588531259,0.11222320971858019,1
2024-01-05,424.39923095703125,429.9800109863281,432.29998779296875,428.6400146484375,429.5899963378906,5723100,0.0012808101900840807,0.9521013008471577,7.324852626363636,1.0859133523454978,10.199981689453125,-9.326726566678985,0.1104292147903618,1
2024-01-08,430.4693908691406,436.1300048828125,436.2699890136719,430.3699951171875,430.45001220703125,7222400,0.014302976276448165,0.9490623680944102,8.758999536575706,1.3206034359020775,10.199981689453125,6.162665935023412,0.11755034064877114,0
2024-01-09,429.4231872558594,435.07000732421875,436.42999267578125,433.1600036621094,433.6199951171875,7939600,-0.0024304623546334003,0.9166423749424852,8.396771343312185,1.415282433481494,10.199981689453125,-0.6011284813574918,0.11807722480001702,0
2024-01-10,432.255859375,437.94000244140625,438.739990234375,435.4800109863281,435.7699890136719,4278800,0.006596628287108608,0.9326495227429846,9.010817195211528,0.769362167332855,10.199981689453125,-0.1378159737148792,0.11920962350583326,0
2024-01-11,432.10784912109375,437.7900085449219,439.3599853515625,434.0,438.94000244140625,4796600,-0.0003424987341832386,0.9317393518565391,8.87371047026965,0.8717619711423996,10.719970703125,17.660048068865123,0.11869605014069819,1
2024-01-12,432.3052062988281,437.989990234375,439.79998779296875,436.7300109863281,439.1099853515625,5180800,0.0004567982035903473,0.9239451922026218,8.822674555820297,0.9723221868240659,11.15997314453125,10.197994995289307,0.10943492200789613,1
2024-01-16,430.8345642089844,436.5,437.9800109863281,434.739990234375,436.7900085449219,5730800,-0.0034018819324562743,0.8804384672518915,8.361189076762473,1.102636723259501,11.15997314453125,3.688014934505233,0.1099943096200609,1
2024-01-17,428.43609619140625,434.07000732421875,434.4800109863281,431.80999755859375,433.6000061035156,6044600,-0.005566993529853903,0.7924966631295166,7.673503095116257,1.1545422161610315,11.15997314453125,-9.370926876022594,0.11182396330639197,1
2024-01-18,432.2460021972656,437.92999267578125,438.3900146484375,434.1600036621094,435.5799865722656,4331300,0.00889254103354653,0.7842470622519069,8.547712444397321,0.8268940547361749,11.15997314453125,0.36241323842330075,0.11450018933007608,1
2024-01-19,437.5364685058594,443.2900085449219,443.6099853515625,438.30999755859375,439.0,4832700,0.012239435432112256,0.8652650265902738,9.786841711750872,0.9158747260307073,14.969970703125,11.285816580393899,0.12055007183762433,1
2024-01-22,438.5333251953125,444.29998779296875,445.9200134277344,443.67999267578125,444.7699890136719,5870400,0.0022783713338410116,0.9365096196317619,9.943214047233269,1.11161712228186,17.279998779296875,15.241095255100277,0.09720788137629442,1
2024-01-23,439.8362121582031,445.6199951171875,445.82000732421875,443.7799987792969,444.8299865722656,3251600,0.002970982130285016,1.0047785814307684,10.172934870494512,0.623813538917842,17.279998779296875,22.585794475825182,0.09258825317806671,1
2024-01-24,440.2013854980469,445.989990234375,449.19000244140625,445.75,448.32000732421875,4568200,0.0008302928980783442,1.0529759442756972,10.169024429621588,0.8719428222950294,20.54998779296875,29.452560981415658,0.09252190706585092,0
2024-01-25,442.6788024902344,448.5,448.760009765625,446.1099853515625,448.1400146484375,4167100,0.005627950897072687,1.1228503148208895,10.690424458502717,0.7928770261450966,20.54998779296875,35.01019098194844,0.093282625828974,0
2024-01-26,442.4123229980469,448.2300109863281,449.510009765625,447.1600036621094,448.1000061035156,6404000,-0.0006019821932483627,1.159575396374723,10.525835736864938,1.1942592012412538,19.1400146484375,33.75652124149282,0.09350009160636001,1
2024-01-29,445.6300048828125,451.489990234375,451.6099853515625,447.7099914550781,448.2300109863281,4543300,0.007273005305631575,1.2321245228295925,11.224676215030714,0.8485329548213585,19.79998779296875,32.91065907724068,0.09584756683178856,0
2024-01-30,445.314208984375,451.1700134277344,451.80999755859375,450.44000244140625,450.8399963378906,3410000,-0.0007087129583416285,1.2687986790426458,11.0481862166666,0.6426589874257456,20.0,34.47293325633859,0.09495317635712491,0
2024-01-31,438.0595703125,443.82000732421875,449.4700012207031,443.75,449.0400085449219,7108000,-0.016290989837011605,1.1542172477965422,9.1520151835949,1.3649072139609193,20.0,12.34187317347481,0.11117517102137067,1
2024-02-01,443.82379150390625,449.6600036621094,449.6600036621094,444.6499938964844,445.3500061035156,6138400,0.013158479206694329,1.153687737129387,10.494020903262221,1.1638211343577882,20.0,20.26112735590368,0.11411580698100757,1
2024-02-02,448.3837890625,454.2799987792969,455.8800048828125,449.69000244140625,450.010009765625,6251600,0.01027441862643208,1.220678456819749,11.528238285294822,1.1599236687252361,24.07000732421875,24.97776586078521,0.11574721402287456,1
2024-02-05,446.7453308105469,452.6199951171875,454.1499938964844,450.5400085449219,453.7300109863281,7101900,-0.0036541420854319107,1.2299142123738616,11.022438135540362,1.3010466959965046,24.07000732421875,24.814312234356933,0.11793489171295503,1
2024-02-06,448.1370544433594,454.0299987792969,454.2900085449219,452.2099914550781,453.5799865722656,4383600,0.003115204094649604,1.2474541029225592,11.265049946306336,0.8245018258626413,21.720001220703125,29.937293445908793,0.10959569062444662,0
2024-02-07,451.8186340332031,457.760009765625,458.17999267578125,455.2699890136719,456.1499938964844,6763400,0.008215340387984549,1.311298301099429,12.070413591284066,1.2863420539364436,19.8699951171875,29.72421318212575,0.1103537993940979,0
2024-02-08,452.1246337890625,458.07000732421875,458.3299865722656,457.0299987792969,457.80999755859375,4184600,0.0006772054176433784,1.3512141645311082,12.037989037539724,0.7965894716403221,14.649993896484375,24.998744352100985,0.10948470247215021,0
2024-02-09,454.6908874511719,460.6700134277344,461.0299987792969,458.1700134277344,458.5400085449219,4002600,0.005676001619716153,1.411339152118952,12.553380676169503,0.7677457036566032,17.279998779296875,26.721803873606135,0.1096625639484546,0
2024-02-12,454.4836120605469,460.4599914550781,462.739990234375,459.75,460.6099853515625,4564200,-0.0004559054562581766,1.438263064716819,12.379854762945238,0.8806751032056211,18.989990234375,24.722142762751517,0.10994366894377275,0
2024-02-13,448.0778503417969,453.9700012207031,455.70001220703125,451.0,454.4800109863281,8152200,-0.014094580104269783,1.3317971487021563,10.694381508766748,1.53708223621878,18.989990234375,13.342318287932798,0.12332880422964117,0
2024-02-14,452.34173583984375,458.2900085449219,458.6700134277344,454.3999938964844,456.5799865722656,5624000,0.009516063424020116,1.3072049728278061,11.643982694780362,1.0646161825824325,18.989990234375,15.412959796600092,0.12268585982699533,1
2024-02-15,455.40155029296875,461.3900146484375,461.5400085449219,458.42999267578125,458.8999938964844,5695700,0.006764289087074271,1.3259292215147307,12.290301844429482,1.0644427313289881,18.989990234375,19.400878728947205,0.1214987403133612,1
2024-02-16,453.0721435546875,459.0299987792969,462.1499938964844,458.3999938964844,461.0799865722656,5526200,-0.005115012883273762,1.2850530542201268,11.60522401318565,1.0261161812628237,18.989990234375,12.165588868315112,0.11890300004077316,1
2024-02-20,450.58489990234375,456.510009765625,458.05999755859375,454.42999267578125,457.44000244140625,5306800,-0.0054898133463462395,1.1953637653829077,10.882498321125377,0.9905606668943904,18.989990234375,8.910710739719505,0.12163096123358093,1
2024-02-21,451.03887939453125,456.9700012207031,457.1199951171875,453.6000061035156,455.32000732421875,4223100,0.0010076262190050755,1.119347696916157,10.879995086504822,0.7811955171574998,18.089996337890625,21.98108663255381,0.12149086749831711,1
2024-02-22,460.5143127441406,466.57000732421875,467.3299865722656,462.32000732421875,463.2200012207031,4328500,0.02100795692905688,1.2109065674211807,13.089169371033774,0.8024716534790766,17.639984130859375,23.713205593697822,0.1401639476098938,0
2024-02-23,460.7215576171875,466.7799987792969,468.8699951171875,466.0899963378906,468.0899963378906,4050600,0.0004500749121925107,1.271726056950515,13.020081036155492,0.7517629012636098,18.329986572265625,19.14274913291851,0.13973538931411694,0
2024-02-26,459.03375244140625,465.07000732421875,467.5899963378906,464.94000244140625,467.19000244140625,3450800,-0.0036633777358713315,1.275526842786997,12.48684694291095,0.6584899269627276,17.8699951171875,19.13668171862558,0.1409195176709011,1
2024-02-27,459.8825988769531,465.92999267578125,466.1199951171875,463.9100036621094,465.7099914550781,3586900,0.0018491524674111304,1.2783442028967764,12.576759987509472,0.6907641659228275,17.8699951171875,18.432555927825135,0.13947586146652244,0
2024-02-28,459.17193603515625,465.2099914550781,465.8299865722656,464.1099853515625,464.489990234375,2800600,-0.0015452991479862899,1.2537092791970488,12.285389742888173,0.5425222071661515,17.8699951171875,12.672518610532933,0.13969192457110471,0
2024-02-29,460.8695983886719,466.92999267578125,468.489990234375,464.4700012207031,466.9700012207031,7332900,0.003697257695010725,1.2490468315255132,12.579917498046441,1.4174155250965028,17.8699951171875,14.603489365013857,0.12279122097530813,1
2024-03-01,465.3111877441406,471.42999267578125,471.7699890136719,467.42999267578125,467.8299865722656,4833700,0.009637419036229389,1.3066047898682573,13.539013357435415,0.9462637976819601,20.769989013671875,16.672105416832466,0.11935192829978317,0
2024-03-04,464.75848388671875,470.8699951171875,472.6000061035156,470.6000061035156,470.6099853515625,3970200,-0.001187870027987148,1.3269992192080131,13.276030549105624,0.7949740945611093,21.600006103515625,16.211600065299848,0.11620718041002127,0
2024-03-05,460.0997314453125,466.1499938964844,469.3800048828125,464.05999755859375,468.95001220703125,4616500,-0.010024000827507429,1.248748127437711,12.026418644716856,0.9479748370331355,19.0,19.56819019715148,0.12223084248120407,1
2024-03-06,462.53765869140625,468.6199951171875,470.6600036621094,467.32000732421875,469.25,5325100,0.005298726274898691,1.2145831003565095,12.507213284436626,1.0830131809889505,19.0,17.453806952091725,0.12285722356993523,1
2024-03-07,467.11749267578125,473.260009765625,474.19000244140625,470.7799987792969,471.6300048828125,7149800,0.009901444020281591,1.2514489003312395,13.500359733744444,1.4484274499873386,20.589996337890625,18.989541383731293,0.12419783490652736,0
2024-03-08,464.28472900390625,470.3900146484375,476.29998779296875,469.82000732421875,473.7699890136719,6281900,-0.006064309381662802,1.217983747705827,12.696366810921505,1.246133047946734,22.699981689453125,18.29041805701995,0.1271999322676398,0
2024-03-11,463.8997802734375,470.0,470.4599914550781,467.3900146484375,469.20001220703125,5323900,-0.0008291303732903543,1.1713657049932997,12.482304961390145,1.0424343767010367,22.699981689453125,21.498329361387803,0.1263644013373615,0
2024-03-12,468.8644714355469,475.0299987792969,475.54998779296875,469.57000732421875,471.9200134277344,4811000,0.010702125062333812,1.2052193185425668,13.553756836913168,0.9397365378004188,13.97998046875,25.87871623672075,0.13075161089443996,0
2024-03-13,468.1538391113281,474.30999755859375,475.4700012207031,472.8999938964844,475.30999755859375,3544500,-0.001515696319292159,1.205800261716803,13.255225793254986,0.7249748677424535,12.389984130859375,16.296965555258396,0.11771088051804533,1
2024-03-14,467.1273498535156,473.2699890136719,475.3299865722656,470.45001220703125,475.1600036621094,5153000,-0.0021926768364046723,1.1751638212985367,12.88909799832636,1.0590710058502728,12.389984130859375,13.95486640654822,0.11539984401265012,1
2024-03-15,463.90966796875,470.010009765625,471.7799987792969,468.7200012207031,470.4100036621094,6802400,-0.006888201922207071,1.083658365809813,11.999264572519785,1.382343139087813,12.389984130859375,10.737369299740095,0.11750689190965415,1
2024-03-18,466.81146240234375,472.95001220703125,475.2799987792969,472.5,473.95001220703125,3939100,0.0062551911242747504,1.0484800946324342,12.580381116575,0.8136005609756349,12.239990234375,14.165042870593325,0.11664905468923346,1
2024-03-19,469.4271240234375,475.6000061035156,475.739990234375,471.2900085449219,472.20001220703125,4550200,0.005603116245030071,1.0529362541679155,13.092691801853713,0.9472212767773409,12.239990234375,19.37685554828016,0.11443209465735064,0
2024-03-20,473.5232238769531,479.75,480.0199890136719,474.92999267578125,475.5400085449219,6179400,0.008725807071543912,1.1129523133335542,13.962327001599666,1.260703246932093,15.959991455078125,22.090300213655084,0.11673374163361776,0
2024-03-21,475.1024475097656,481.3500061035156,483.239990234375,481.2099914550781,482.6199951171875,5044700,0.0033350830714238278,1.1732257284110752,14.221863092855658,1.0217403632710598,19.17999267578125,18.68240527946513,0.09416651796467143,0
2024-03-22,474.4815673828125,479.17999267578125,480.32000732421875,478.82000732421875,479.8699951171875,5876800,-0.00450818198861247,1.1710510563841798,13.591200563407584,1.1686589098111428,19.17999267578125,15.891554697028951,0.09656782716146074,0
2024-03-25,473.25372314453125,477.94000244140625,478.7900085449219,477.54998779296875,477.7300109863281,6081300,-0.0025877337395719957,1.1355562475276153,13.181994371158726,1.1785019752160528,15.91998291015625,23.026772855176333,0.0959034269903147,0
2024-03-26,471.9269104003906,476.6000061035156,479.3699951171875,476.42999267578125,479.05999755859375,8073500,-0.002803691532505481,1.0727914427843197,12.754882814899705,1.499389454037264,15.8499755859375,16.818029685646778,0.09701919414451338,0
2024-03-27,476.04608154296875,480.760009765625,480.8699951171875,477.45001220703125,479.510009765625,4951400,0.008728501067635008,1.079717911352594,13.623837090575142,0.9015552437926354,15.8499755859375,16.123678617544556,0.10003998802206235,0
2024-03-28,475.9866943359375,480.70001220703125,482.1600036621094,480.5,480.8699951171875,4065000,-0.00012479731544856598,1.071743374401763,13.499622043230362,0.7628545209217309,15.8499755859375,21.90357433360967,0.09992965285554928,0
2024-04-01,475.3628845214844,480.07000732421875,481.9599914550781,478.8299865722656,481.44000244140625,5734000,-0.0013105988492073672,1.0429057780077675,13.245545559454353,1.0670517531265789,14.519989013671875,21.473256470661255,0.09552561311901414,0
2024-04-02,472.2536315917969,476.92999267578125,476.989990234375,474.7099914550781,476.3299865722656,4817800,-0.006540743226053802,0.9569631443116238,12.404964399669414,0.8895388072336651,14.519989013671875,5.317052814834739,0.09892561559362799,0
2024-04-03,472.679443359375,477.3599853515625,478.79998779296875,475.7900085449219,475.8399963378906,6224800,0.0009015844723223587,0.8857746912539748,12.412770143184487,1.1325066224201672,14.519989013671875,8.178915653151961,0.09052351294233549,0
2024-04-04,466.8570861816406,471.4800109863281,481.4800109863281,471.2699890136719,481.20001220703125,6871200,-0.012317694288732528,0.7230176370652103,10.94158951601754,1.2327709088168992,14.519989013671875,-4.186885225986444,0.10095268270366972,0
2024-04-05,471.8179626464844,476.489990234375,478.3299865722656,472.4200134277344,472.8500061035156,5582200,0.010626069252789971,0.6698150796891291,12.02410419581994,1.0157941043471774,11.970001220703125,13.157518548951558,0.10189290713928807,0
2024-04-08,472.006103515625,476.67999267578125,478.07000732421875,475.9700012207031,477.1499938964844,4736800,0.0003987543186643183,0.62364201979404,11.969386885688083,0.8742467447375949,11.970001220703125,8.295658710912392,0.09903101052669401,0
2024-04-09,472.59033203125,477.2699890136719,478.6000061035156,472.739990234375,478.3800048828125,5254200,0.001237719952496441,0.590126010447019,12.009783038708077,0.9703647409396519,11.970001220703125,4.1156550933606155,0.09888412742105973,0
2024-04-10,468.0155944824219,472.6499938964844,474.3900146484375,470.6700134277344,471.9100036621094,6933400,-0.009680045306714513,0.4805540917960501,10.830532349675343,1.255872126880507,12.569976806640625,-19.998614011722168,0.09824123609798513,0
2024-04-11,471.3921813964844,476.05999755859375,477.42999267578125,470.6700134277344,473.9800109863281,5109900,0.007214648695957004,0.44577656592947473,11.528012415417564,0.9126361502074903,11.489990234375,-13.269269919828815,0.10156095052499858,0
2024-04-12,464.9657897949219,469.57000732421875,474.04998779296875,467.9100036621094,472.7699890136719,6954300,-0.013632714925971512,0.30533093097413677,9.921057632761805,1.2223858874483224,14.25,-23.8893457493767,0.11265356540174207,0
2024-04-15,459.06427001953125,463.6099853515625,473.5899963378906,462.8500061035156,473.4700012207031,9530000,-0.012692509912672345,0.09133613567871017,8.448378398211668,1.6359110805939405,19.30999755859375,-36.81587243560102,0.11882404629248536,0
2024-04-16,458.24237060546875,462.7799987792969,465.510009765625,461.5899963378906,464.04998779296875,6761400,-0.0017902689728225285,-0.09255770568769554,8.17796954208378,1.133205343398225,20.57000732421875,-35.146125867141336,0.1160139032131698,0
2024-04-17,455.479736328125,459.989990234375,465.239990234375,458.7300109863281,465.1099853515625,7156200,-0.006028801055104505,-0.28409313173186196,7.459583896173684,1.1737411461370217,23.42999267578125,-73.48196487855705,0.11448945095578579,0
2024-04-18,454.4400329589844,458.94000244140625,463.29998779296875,458.2099914550781,461.3599853515625,5637300,-0.002282631829518156,-0.4500779001189862,7.150612419470179,0.9287440628289848,23.75,-80.8977379987154,0.10773623507739369,0
2024-04-19,450.6377258300781,455.1000061035156,459.94000244140625,453.8999938964844,458.989990234375,9766100,-0.008367098787342875,-0.6423849870364255,6.194629755224227,1.5487291226601203,27.58001708984375,-103.77814170336524,0.10778023830736799,1
2024-04-22,454.5489501953125,459.04998779296875,461.7300109863281,455.3500061035156,457.54998779296875,5818100,0.008679370767915806,-0.7183043282664798,7.047365831793172,0.9230764349046359,27.58001708984375,-50.07467299779697,0.11490266299558001,1
2024-04-23,460.2821960449219,464.8399963378906,465.1300048828125,460.6700134277344,461.17999267578125,4257400,0.012613024069032752,-0.6691524216777527,8.319316066315517,0.6853785165211091,27.58001708984375,-25.921755502622148,0.12619376300521043,0
2024-04-24,459.9455261230469,464.5,466.30999755859375,462.44000244140625,465.57000732421875,7687800,-0.0007314265996238856,-0.6289180644138362,8.163805914090663,1.2414765364035163,24.70001220703125,-13.781613698489124,0.1260933682889313,0
2024-04-25,458.0443420410156,462.5799865722656,463.4599914550781,457.260009765625,458.7699890136719,4876200,-0.004133505764767231,-0.6235665940117026,7.646498549735346,0.7879192819822564,24.70001220703125,-36.19945670783656,0.12073851624627877,0
2024-04-26,462.6289367675781,467.2099914550781,468.6300048828125,464.80999755859375,465.3299865722656,4907100,0.010009090356720707,-0.5319193454303929,8.651313434202029,0.7875541061274537,24.70001220703125,-19.768781021787476,0.12786101909454647,0
2024-04-29,464.2430114746094,468.8399963378906,469.4200134277344,466.2099914550781,468.8399963378906,3253200,0.0034888057032684827,-0.4259718922670389,8.95975705463816,0.5327202432709927,23.529998779296875,-16.932646539895615,0.1290308397404708,1
2024-04-30,456.9056396484375,461.42999267578125,468.3399963378906,461.3599853515625,467.4200134277344,4364800,-0.015804973381087217,-0.4662412580887437,7.177049210677693,0.7174085981210101,23.529998779296875,-22.415238695991164,0.13803901293906626,1
2024-05-01,455.4203186035156,459.92999267578125,467.07000732421875,459.44000244140625,460.7699890136719,6115400,-0.00325076398112234,-0.518615867931162,6.771948926726093,1.0060457502899494,20.149993896484375,-38.06345544148945,0.13782186333375815,1
2024-05-02,459.66827392578125,464.2200012207031,464.95001220703125,459.1600036621094,463.3599853515625,3972400,0.009327525086945121,-0.479398064544453,7.7092688731476615,0.669463118352599,19.69000244140625,-9.919569654349772,0.1373754444466519,1
2024-05-03,465.371826171875,469.9800109863281,471.0,467.44000244140625,469.760009765625,4586900,0.012407931046655829,-0.34356553156979786,8.980316229252024,0.7795620115415762,17.100006103515625,10.484334398470068,0.13946056334533283,1
2024-05-06,470.0653381347656,474.7200012207031,474.80999755859375,471.82000732421875,472.2200012207031,4782500,0.010085514540134177,-0.1521605907625967,10.003935012552295,0.8124894881783417,20.910003662109375,17.264378376578804,0.14457268027430564,0
2024-05-07,470.7386474609375,475.3999938964844,476.6400146484375,474.7099914550781,475.70001220703125,3451300,0.0014324078910361582,0.01027488030872268,10.08519427656987,0.5954536553552958,22.740020751953125,21.725580286458722,0.14459941092450165,1
2024-05-08,470.75848388671875,475.4200134277344,475.8599853515625,473.5,473.5899963378906,3214900,4.211092029238195e-05,0.1370786085170263,10.015836061792063,0.5730496099932979,22.740020751953125,23.04365696567322,0.14015695833088074,1
2024-05-09,473.461669921875,478.1499938964844,478.1499938964844,474.94000244140625,475.5899963378906,3486000,0.005742249782601849,0.28047586468708136,10.57133784589885,0.6304977513874658,22.79998779296875,30.92058329669983,0.13929237405327655,1
2024-05-10,474.0458984375,478.739990234375,480.3900146484375,477.5899963378906,479.69000244140625,3347200,0.001233914766123334,0.3988716845896243,10.630921523709636,0.6258074527774505,23.1300048828125,27.884492710085368,0.1292679244083104,1
2024-05-13,474.07562255859375,478.7699890136719,480.4200134277344,477.7300109863281,480.3500061035156,3108400,6.26619457508859e-05,0.48706993501078144,10.557440104974662,0.6182757735906101,23.160003662109375,22.48005505674402,0.11885981371935599,1
2024-05-14,476.3233642578125,481.0400085449219,481.4700012207031,478.4800109863281,478.9800109863281,3257700,0.004741357193099205,0.5880613835708873,11.003234367481612,0.6713661126733569,24.209991455078125,25.590936329118094,0.11862306635171894,1
2024-05-15,482.1258850097656,486.8999938964844,487.2300109863281,482.739990234375,483.3399963378906,4399500,0.01218190846388878,0.7569572452473117,12.26968756399098,0.9331828758449977,28.07000732421875,32.9829064287741,0.11995525059523524,0
2024-05-16,481.20501708984375,485.9700012207031,488.57000732421875,485.8299865722656,487.04998779296875,3347400,-0.0019100281113968443,0.8642125973804019,11.96928846311147,0.7276932792610459,29.410003662109375,27.725375207271185,0.11974992926649257,0
2024-05-17,481.91796875,486.69000244140625,486.7300109863281,484.70001220703125,486.0899963378906,3274000,0.0014815754447694562,0.949530369688547,12.040801183040276,0.7657745105147811,29.410003662109375,26.684282992212943,0.11234162008110549,0
2024-05-20,482.39324951171875,487.1700134277344,488.6099853515625,486.45001220703125,486.7799987792969,2599600,0.000986276652325424,1.0128656905484201,12.054865564896833,0.6318166186047586,29.449981689453125,42.72659794044431,0.11084187897263374,0
2024-05-21,483.6904296875,488.4800109863281,488.5799865722656,486.3500061035156,486.5299987792969,2453600,0.002688994647631615,1.0718275638760169,12.25535316022639,0.6096968537346293,29.449981689453125,47.24799218044658,0.10486332032285249,0
2024-05-22,482.2843322753906,487.05999755859375,488.42999267578125,484.94000244140625,487.7900085449219,3250600,-0.002907004167616023,1.0824518633429296,11.835245806192564,0.8548732588459763,21.16998291015625,41.03185674037492,0.10603148039053652,0
2024-05-23,478.6998291015625,483.44000244140625,489.989990234375,482.2900085449219,489.9100036621094,3811300,-0.007432339209405114,1.0197101008873561,10.913448924938958,1.0165662449755815,18.16998291015625,28.752858464889712,0.10932109157907521,0
2024-05-24,481.95758056640625,486.7300109863281,487.3999938964844,484.3299865722656,485.17999267578125,2551400,0.006805412312400838,1.012258697343801,11.569482283504655,0.7025930734798239,16.489990234375,27.682338417840455,0.10686145975724881,0
2024-05-28,482.3437194824219,487.1199951171875,487.6499938964844,484.5299987792969,487.3999938964844,4034700,0.0008012329670592511,1.0011348370575155,11.560001058013285,1.0992295285630218,16.489990234375,27.147787430680197,0.10681407181095119,0
2024-05-29,478.9473571777344,483.69000244140625,484.67999267578125,482.9599914550781,483.19000244140625,5605000,-0.007041371140915853,0.9254746552411479,10.680323373025386,1.5016785041621008,15.04998779296875,19.180946386237295,0.09084496363895571,1
2024-05-30,475.729248046875,480.44000244140625,482.75,479.20001220703125,482.1199951171875,3393600,-0.006719179605937153,0.8028851441311929,9.850273456640444,0.9436102769436103,12.399993896484375,6.090354668161623,0.0944557285744948,1
2024-05-31,479.8682556152344,484.6199951171875,484.9100036621094,476.4800109863281,481.239990234375,5334000,0.008700342716135623,0.7655888299389567,10.707769536275105,1.4555953368554337,13.509979248046875,13.05881474982094,0.09385238817722041,1
2024-06-03,480.39306640625,485.1499938964844,486.4100036621094,480.3999938964844,486.29998779296875,4211300,0.0010936378701600358,0.736266858605359,10.72619840881783,1.15514167375264,13.509979248046875,13.99916089461739,0.08572235616890674,1
2024-06-04,480.9772644042969,485.739990234375,486.4100036621094,482.55999755859375,484.0,2560300,0.0012161111930601987,0.7144964268086578,10.753399805815782,0.7243555829671899,13.509979248046875,10.891733553315703,0.07964878246979097,1
2024-06-05,486.73028564453125,491.54998779296875,491.54998779296875,486.05999755859375,487.8699951171875,3026100,0.011961126683825984,0.7835477538565612,11.96266955002459,0.8613196027700216,15.069976806640625,10.730707003242273,0.08841246753420998,1
2024-06-06,486.62139892578125,491.44000244140625,492.17999267578125,489.6400146484375,491.8399963378906,21344000,-0.000223752119405618,0.826606246177369,11.825926783653923,4.8291941802599,15.699981689453125,12.43881786224793,0.08848305771597798,1
2024-06-07,485.9876708984375,490.79998779296875,493.5299987792969,489.5400085449219,490.54998779296875,3063600,-0.001302325096162238,0.8403975861036408,11.568348674646037,0.696484046864219,17.04998779296875,9.663033060694971,0.08771637151158994,1
2024-06-10,487.5818786621094,492.4100036621094,492.69000244140625,489.55999755859375,490.1700134277344,3465200,0.0032803910130083658,0.8674371753877084,11.825716182575698,0.7867292229766163,17.04998779296875,11.846830355314879,0.08798981710219124,1
2024-06-11,488.6908874511719,493.5299987792969,493.6600036621094,489.1099853515625,490.989990234375,4028400,0.0022745173917222417,0.8965635561271512,11.963115679220778,0.9051435042517074,17.17999267578125,11.465203771066484,0.0878864149320489,1
2024-06-12,492.7605895996094,497.6400146484375,500.1499938964844,496.7099914550781,497.92999267578125,3698800,0.008327793405277006,0.9747400901826775,12.775990276172744,0.8269873139233828,23.66998291015625,20.498008188471047,0.09050544895348936,1
2024-06-13,493.6913757324219,498.5799865722656,499.45001220703125,496.05999755859375,499.29998779296875,8808900,0.0018888592077792588,1.0393755966462264,12.871702173679218,1.8769936225386685,23.66998291015625,28.968035002370783,0.08165669689624254,0
2024-06-14,494.08746337890625,498.9800109863281,499.0400085449219,496.2900085449219,497.260009765625,5812000,0.0008023274596573593,1.084117640759856,12.851970900229494,1.2067304498039997,23.66998291015625,25.297752157828427,0.08085083114735883,0
2024-06-17,498.0086364746094,502.94000244140625,504.17999267578125,497.9100036621094,498.4800109863281,4609500,0.007936172527734042,1.1690941704606408,13.633758224684788,0.9439709856146563,27.699981689453125,29.401920010537495,0.0841845636472403,0
2024-06-18,499.33551025390625,504.2799987792969,504.3599853515625,502.6300048828125,503.04998779296875,3431700,0.002664326423402308,1.2428062083103553,13.820213104030652,0.6968343249334985,27.879974365234375,38.287922266601946,0.08421799747033146,0
2024-06-20,497.94921875,502.8800048828125,505.739990234375,501.19000244140625,505.1400146484375,4810900,-0.0027762233280584914,1.26392809046732,13.391394313806556,0.9540581033660449,29.259979248046875,43.23137077443785,0.08562446219631573,0
2024-06-21,496.8599853515625,501.7799987792969,503.2200012207031,500.8500061035156,502.1000061035156,4347800,-0.0021874126885835787,1.2486495800637687,13.030098621993316,0.8529404552298464,25.339996337890625,37.13371667400571,0.08517377461448561,0
2024-06-24,495.5232238769531,500.42999267578125,504.44000244140625,500.42999267578125,502.0299987792969,7022800,-0.002690434267607067,1.2012659320717638,12.61136670735907,1.3356409281095474,23.17999267578125,33.40203610939906,0.08008680611740328,0
2024-06-25,497.5828552246094,502.510009765625,502.8299865722656,500.32000732421875,501.7099914550781,6336700,0.004156459685243918,1.1829911850888117,12.960366896990108,1.1632810226783532,19.67999267578125,35.343565094038354,0.07839910446143172,0
2024-06-26,498.1373596191406,503.07000732421875,503.7699890136719,500.8900146484375,501.4700012207031,3202700,0.0011144008033887598,1.1638880016680628,12.967303705386604,0.5924710465779881,16.6300048828125,32.08085038083668,0.07836422824043388,0
2024-06-27,498.9096984863281,503.8500061035156,504.4800109863281,502.32000732421875,503.0,3619700,0.0015504776033967715,1.147782060731316,13.025997856569623,0.6821385496758631,16.6300048828125,33.96804220904137,0.07138771075159164,1
2024-06-28,496.9858703613281,500.1300048828125,505.7300109863281,499.010009765625,502.9700012207031,5598600,-0.007383152080261857,1.0639728085688074,12.078044440727592,1.0335908725873002,16.6300048828125,24.39132059833682,0.07250013057009275,1
2024-07-01,498.128662109375,501.2799987792969,501.67999267578125,498.6000061035156,501.489990234375,4368500,0.002299389929132145,1.0041762675771873,12.221417579553313,0.8137471767527418,16.6300048828125,23.538739873040157,0.06810484179505523,1
2024-07-02,501.35821533203125,504.5299987792969,504.6099853515625,499.6099853515625,499.69000244140625,4210100,0.006483402505414793,0.9967094526129754,12.834527437918862,0.7842498065035305,9.67999267578125,26.50718367224725,0.07012547874804358,1
2024-07-03,503.6238708496094,506.80999755859375,507.1400146484375,504.2200012207031,504.2200012207031,2131100,0.004519054931943156,1.015005339464599,13.220271801641136,0.39857074859894276,11.08001708984375,24.484976230986888,0.07063301503808066,0
2024-07-05,506.63482666015625,509.8399963378906,510.1000061035156,506.489990234375,507.1300048828125,3156900,0.0059785694715830395,1.064733307160175,13.769262004513754,0.5897005545079338,13.80999755859375,27.473620537737574,0.06229441098567255,0
2024-07-08,507.1217346191406,510.3299865722656,511.2099914550781,509.32000732421875,510.5,3143400,0.0009610666834585224,1.0988355501299483,13.74920038904127,0.707436818717346,13.29998779296875,27.624045816018096,0.06191572509660324,1
2024-07-09,507.6782531738281,510.8900146484375,512.010009765625,510.5400085449219,511.2099914550781,3140600,0.0010973842237518294,1.1214460445585646,13.739231798735812,0.7061947758316159,13.410003662109375,22.7745845764685,0.06084895823850707,1
2024-07-10,512.5673217773438,515.8099975585938,516.1799926757812,511.69000244140625,511.9800109863281,3446900,0.009630219360505343,1.2019473086972376,14.684066807088719,0.7752288419584823,17.579986572265625,26.78575814081269,0.06651160242914464,0
2024-07-11,508.17510986328125,511.3900146484375,516.7899780273438,510.8299865722656,516.0,5537800,-0.008569013650523871,1.1829469632852059,13.55688107709225,1.2246974083157702,18.189971923828125,19.181679211811954,0.07695431318397028,0
2024-07-12,511.3152160644531,514.5499877929688,518.030029296875,512.1699829101562,512.489990234375,5238200,0.006179184289907713,1.202989119638899,14.11167916536913,1.139051131396861,19.430023193359375,25.93954530535997,0.07488341250720006,0
2024-07-15,512.8653564453125,516.1099853515625,519.1199951171875,514.3400268554688,516.5800170898438,7771500,0.0030317706648579357,1.2286305866610459,14.301302246594142,1.709197755818838,20.519989013671875,30.702957215326705,0.07503487686801351,0
2024-07-16,515.7769775390625,519.0399780273438,519.4000244140625,516.5999755859375,517.3300170898438,4164300,0.005677070312416932,1.2791217666752068,14.7897977820987,0.9327615615238936,20.800018310546875,31.465907727413594,0.07621293646362279,0
2024-07-17,508.57257080078125,511.7900085449219,515.1099853515625,511.55999755859375,513.5599975585938,4984300,-0.013968036739628431,1.1934398240147317,13.038725670999975,1.1117666412013674,20.800018310546875,15.736530566108144,0.09162516561089187,0
2024-07-18,504.74676513671875,507.94000244140625,514.1900024414062,505.8699951171875,513.25,5055900,-0.0075226284984766245,1.0538816497388186,12.04578237029227,1.1076726911435917,20.800018310546875,7.81980321470823,0.09603559627265247,0
2024-07-19,501.3780822753906,504.54998779296875,509.20001220703125,503.55999755859375,507.6400146484375,4039400,-0.006674045422970121,0.8802932368564047,11.160814348254053,0.892515455626113,20.800018310546875,8.488234009996617,0.09869402033206441,0
2024-07-22,506.5851745605469,509.7900085449219,510.32000732421875,506.44000244140625,508.2699890136719,4342900,0.010385533403487468,0.8147068810395673,12.164043605814424,0.9596264817046964,19.7900390625,14.10028291055292,0.10460087655876361,0
2024-07-23,505.740478515625,508.94000244140625,511.6499938964844,508.489990234375,509.6600036621094,3116000,-0.0016673651685362723,0.7409263622287133,11.830994108187426,0.7195847838763128,15.84002685546875,8.076433569640642,0.1042087273159939,0
2024-07-24,494.1637268066406,497.2900085449219,504.70001220703125,496.54998779296875,504.42999267578125,6157400,-0.022890701930677215,0.4940169514473842,9.142343761300685,1.4248919887719234,22.85003662109375,-15.871753052597086,0.13309678119091692,1
2024-07-25,491.6695251464844,494.7799987792969,503.1400146484375,493.9200134277344,497.54998779296875,5646600,-0.005047376224125877,0.25432917966830765,8.472165186713442,1.2707536055433717,25.480010986328125,-28.836526035149575,0.13390732534849276,0
2024-07-26,497.18463134765625,500.3299865722656,502.8900146484375,497.6700134277344,498.3599853515625,3636000,0.011217081948869057,0.14989613558190548,9.565033763577011,0.8181229074414084,25.480010986328125,-15.79696481791828,0.1403935785016125,0
2024-07-29,497.55230712890625,500.70001220703125,502.7699890136719,498.7699890136719,501.82000732421875,3096200,0.0007395631776951905,0.07197544788689626,9.52439185880991,0.7168457121689201,25.480010986328125,-16.152132985648265,0.13790699261019787,0
2024-07-30,494.9487609863281,498.0799865722656,503.010009765625,494.9200134277344,502.04998779296875,3817800,-0.005232725326322352,-0.03155111046273512,8.835638382873428,0.8895848114892472,25.480010986328125,-34.69659274692762,0.13889685931883933,0
2024-07-31,502.7494201660156,505.92999267578125,508.6499938964844,503.30999755859375,504.4800109863281,5367600,0.015760533077304517,0.011995282868951303,10.421365491447167,1.2340615329437137,25.480010986328125,-7.315144727730896,0.14846560914022894,0
2024-08-01,495.8927917480469,499.0299987792969,509.8999938964844,495.75,507.8399963378906,6939200,-0.01363823848432355,-0.06340486182913181,8.793590602494879,1.5118263944339203,25.480010986328125,-24.516630734962604,0.15526213961495786,0
2024-08-02,486.83013916015625,489.9100036621094,493.5199890136719,485.79998779296875,492.4100036621094,8561200,-0.01827544464159747,-0.26747592932761893,6.701428049291491,1.7615057940479326,33.60003662109375,-46.453403146393384,0.16493581152243608,0
2024-08-05,472.2126159667969,475.20001220703125,481.17999267578125,468.8900146484375,470.1700134277344,15244300,-0.030025905462472635,-0.6635933163166651,3.4135866928044396,2.7893372709715374,46.219970703125,-89.53543563679281,0.1921390194113913,1
2024-08-06,476.9228210449219,479.94000244140625,486.8599853515625,475.94000244140625,477.3900146484375,8255000,0.009974726667957068,-0.8933537693787078,4.34891560244433,1.4429484742414906,45.29998779296875,-49.37017146488893,0.19746023579610672,1
2024-08-07,473.6137390136719,476.6099853515625,488.54998779296875,476.1099853515625,485.70001220703125,5976400,-0.0069384028689092325,-1.1203522764962088,3.529528183266761,1.0220610869788282,42.759979248046875,-48.736959902902214,0.19203729841308675,1
2024-08-08,484.6638488769531,487.7300109863281,488.2699890136719,479.6400146484375,481.489990234375,4177200,0.02333149949966562,-1.1024695032783933,5.829235254086124,0.7227777422106562,42.759979248046875,-17.565275888439487,0.21384076904535787,1
2024-08-09,486.7406921386719,489.82000732421875,491.2099914550781,485.82000732421875,486.92999267578125,7661300,0.004285150166716267,-1.041265186678049,6.163508135536914,1.298409887255795,42.759979248046875,-22.125413418233776,0.21295096039745112,1
2024-08-12,486.9891357421875,490.07000732421875,492.3500061035156,487.9800109863281,490.94000244140625,3578100,0.0005103915647826085,-0.977293159855107,6.101710417201619,0.6287455927097071,41.009979248046875,-20.574478146369074,0.21228911288626023,1
2024-08-13,495.07794189453125,498.2099914550781,498.3800048828125,492.9200134277344,493.1400146484375,3247900,0.016609839429480022,-0.7816835926744813,7.730512904064279,0.5753551572310889,41.009979248046875,1.5573877429578573,0.22123308593295155,1
2024-08-14,496.657958984375,499.79998779296875,500.8500061035156,496.4800109863281,498.9200134277344,3700500,0.0031914180067864617,-0.5940534161184083,7.933358540911013,0.6630716316256767,41.009979248046875,5.29479338525428,0.21722174945882838,1
2024-08-15,505.18402099609375,508.3800048828125,508.5899963378906,504.489990234375,505.0899963378906,4279000,0.017166901359344955,-0.30155179533594767,9.631096438031339,0.772103933597979,41.009979248046875,7.624846578611326,0.22507008278883744,0
2024-08-16,506.247314453125,509.45001220703125,510.1099853515625,506.6499938964844,506.8399963378906,3449300,0.002104739198909744,-0.053693349491907544,9.710909124535084,0.6257239235591143,41.219970703125,8.171888195861627,0.22369848678123422,1
2024-08-19,511.116455078125,514.3499755859375,514.3499755859375,509.05999755859375,509.8599853515625,3804300,0.009618143608788543,0.21751333343774126,10.611078246280172,0.6935110603921383,45.4599609375,13.714618237667082,0.22326842996511298,0
2024-08-20,510.2718200683594,513.5,515.47998046875,512.25,513.9199829101562,3156000,-0.0016525238189605274,0.41205851901232715,10.279948919675535,0.5751184724007825,46.5899658203125,7.342039315614329,0.22326649033487067,0
2024-08-21,512.060546875,515.2999877929688,516.6599731445312,512.8499755859375,514.469970703125,3344100,0.003505331631876718,0.5867208886857258,10.524667844559417,0.6254278179879931,47.76995849609375,14.534677102640885,0.20547687859197764,0
2024-08-22,507.916748046875,511.1300048828125,517.6300048828125,510.1000061035156,517.0499877929688,3677100,-0.00809234040159068,0.6508283326305732,9.499106856555883,0.7006101830549165,48.739990234375,19.190108280342983,0.20711231683524783,0
2024-08-23,513.4119262695312,516.6599731445312,517.5499877929688,512.25,514.3300170898438,5102800,0.010819103180973677,0.7792090308378112,10.545899469464942,0.9588548160243829,41.69000244140625,39.857031373767605,0.20687464996313645,0
2024-08-26,512.1499633789062,515.3900146484375,518.2899780273438,513.8800048828125,517.6400146484375,3398600,-0.002458016030087329,0.85053751610284,10.139791916087987,0.6368134220617457,42.17999267578125,35.63149679937803,0.20737985323592745,0
2024-08-27,512.8356323242188,516.0800170898438,516.5900268554688,513.1599731445312,514.260009765625,3031800,0.0013387966817264285,0.9069715167272607,10.152587216457091,0.5722985096039044,38.64996337890625,39.704667336655845,0.20584455038235502,0
2024-08-28,509.9041442871094,513.1300048828125,516.22998046875,510.1600036621094,515.7999877929688,3940400,-0.005716191500043433,0.8952487293708054,9.389277479538993,0.7539667733402217,32.469970703125,32.558333556573615,0.2006558807015383,0
2024-08-29,509.9836730957031,513.2100219726562,518.0900268554688,512.1300048828125,514.989990234375,3487100,0.000155939214394607,0.8770578899743615,9.280127348876444,0.690020223127184,30.309967041015625,30.590119048568184,0.19334803852610527,0
2024-08-30,514.7832641601562,518.0399780273438,518.5800170898438,512.1199951171875,515.4199829101562,5637700,0.00941126604683662,0.926848849933115,10.175349905792707,1.1488055393386987,25.660003662109375,34.05008071679184,0.18038435459261715,0
2024-09-03,504.3691711425781,507.55999755859375,515.4299926757812,505.1000061035156,515.1199951171875,5866400,-0.020230061217778927,0.7944581466744528,7.837166985677612,1.321692895202262,22.100006103515625,12.893963882017417,0.1587546820245952,0
2024-09-04,503.1170654296875,506.29998779296875,509.5299987792969,505.0199890136719,505.67999267578125,3601400,-0.002482484379552674,0.6620561055750582,7.4630894930798775,0.8562794380235242,14.09002685546875,9.401201980022535,0.158013229822505,0
2024-09-05,501.87493896484375,505.04998779296875,508.94000244140625,502.8399963378906,506.3599853515625,3425600,-0.0024688920208134624,0.5311897877645738,7.093951438600395,0.839951646875069,15.740020751953125,-5.769210134230633,0.1551590241513383,1
2024-09-06,493.517822265625,496.6400146484375,506.94000244140625,495.79998779296875,505.3399963378906,7411400,-0.016651763880407566,0.2912426331245558,5.218803958861714,1.747955207969736,22.780029296875,-24.33742241592016,0.1503259912994659,1
2024-09-09,499.07269287109375,502.2300109863281,503.3699951171875,498.75,500.6000061035156,3656800,0.011255630180841747,0.18646535394687694,6.3076126107033055,0.9051899653820782,22.780029296875,-21.886936203308053,0.1543603133805532,1
2024-09-10,501.1296691894531,504.29998779296875,504.7099914550781,499.5,503.95001220703125,2975400,0.0041215713146560695,0.13456790764508134,6.646486635265863,0.7420542287663854,22.780029296875,-15.361344704658308,0.15464828084967513,1
2024-09-11,506.2572326660156,509.4599914550781,510.44000244140625,496.25,504.30999755859375,5956900,0.010232012268514445,0.17339464850649847,7.633764556851103,1.437083999778053,22.780029296875,-8.507192309360931,0.14787999680057276,1
2024-09-12,510.6097106933594,513.8400268554688,514.1400146484375,508.05999755859375,510.0899963378906,4099500,0.008597407988566008,0.27030191317445,8.449764453595856,0.9842548042294506,22.780029296875,4.113760422576107,0.1500941627040428,1
2024-09-13,513.322509765625,516.5700073242188,517.530029296875,514.22998046875,514.4299926757812,4416600,0.005312899591447984,0.3853006849572184,8.912243261583653,1.058639104881159,22.780029296875,0.31270294329237913,0.13910434278042377,1
2024-09-16,514.0975952148438,517.3499755859375,517.5900268554688,514.6500244140625,516.3400268554688,4256300,0.0015098984661516823,0.48259857746261753,8.962626824468463,1.0104432009989768,22.780029296875,3.192449847933247,0.13904840022281456,1
2024-09-17,514.3361206054688,517.5900268554688,520.739990234375,515.5,519.4400024414062,8150000,0.0004640017026373844,0.5566270640957703,8.898723991817315,1.8398973269565275,24.94000244140625,2.573250023421437,0.13509467537530104,1
2024-09-18,512.6666870117188,515.9099731445312,522.72998046875,515.469970703125,518.1799926757812,6921300,-0.003245915925282339,0.5821354480375215,8.435157544352666,1.4988111376265196,26.92999267578125,4.348155543131838,0.1355254282498034,1
2024-09-19,521.610107421875,524.9099731445312,526.5999755859375,522.1900024414062,524.8800048828125,5558400,0.017444904088874225,0.7334210094054122,10.207447736054919,1.1754915592964055,30.79998779296875,13.736036740199765,0.14836504329166678,0
2024-09-20,520.5866088867188,523.8800048828125,524.9199829101562,521.1199951171875,523.510009765625,5612700,-0.0019621807822560733,0.8269444118034424,9.87108581936653,1.1631683057515976,30.79998779296875,7.669929466085819,0.14495763561617,0
2024-09-23,521.868408203125,525.1699829101562,525.8300170898438,523.8300170898438,525.0,29289200,0.002462354003436973,0.9098344668681999,10.019842835170921,4.853484239002101,30.79998779296875,23.07551658454061,0.14062853858692348,0
2024-09-24,523.3689575195312,526.6799926757812,526.8400268554688,523.3800048828125,526.010009765625,4650600,0.0028752781285357187,0.9867299841664142,10.210556350724042,0.7627341722326777,31.0400390625,26.021855648188648,0.14023602204221677,0
2024-09-25,522.3056640625,525.6099853515625,527.2999877929688,524.6500244140625,526.6099853515625,35418000,-0.0020316080715020446,1.0191727621070863,9.866551156928887,4.5898541906815,31.5,26.282786216009043,0.14067629931556272,0
2024-09-26,524.382568359375,527.7000122070312,529.9199829101562,525.489990234375,529.6699829101562,5273900,0.003976383466289812,1.0641360424358657,10.182762523915336,0.677595249291428,33.66998291015625,42.82501463931598,0.13877648462381942,0
2024-09-27,523.7037353515625,525.3800048828125,527.77001953125,524.3200073242188,527.0900268554688,5598600,-0.004396451147529179,1.0522126076848133,9.583007651447955,0.7096865379995906,33.66998291015625,35.470931423019195,0.1402668063067777,0
2024-09-30,525.9863891601562,527.6699829101562,527.9600219726562,522.1900024414062,524.3200073242188,8013000,0.004358707994329913,1.065093524029478,9.944840725377032,1.0006743593586094,33.66998291015625,35.578441870210625,0.1374671404430403,0
2024-10-01,521.0721435546875,522.739990234375,527.0999755859375,520.22998046875,527.0399780273438,9198700,-0.009342946984764677,0.989198469919681,8.815310217582386,1.125331300926144,21.8599853515625,22.467635287384383,0.11946522891072096,0
2024-10-02,521.161865234375,522.8300170898438,523.8499755859375,519.5800170898438,521.8499755859375,3270600,0.00017222109873094027,0.9198168398211789,8.733237427382607,0.4009230571210547,15.69000244140625,17.034396009910694,0.11865998787734766,1
2024-10-03,520.175048828125,521.8400268554688,523.760009765625,519.8200073242188,521.5599975585938,4008000,-0.0018935221812348413,0.8401141402329387,8.42728439041088,0.4895688728006503,15.26995849609375,10.91566672834091,0.11841343305265299,1
2024-10-04,524.9697265625,526.6500244140625,527.02001953125,522.2999877929688,526.1599731445312,5354400,0.009217379486158084,0.8403399365277302,9.323221408929683,0.6623498799163032,14.45001220703125,16.65588322739383,0.09942850557670144,1
2024-10-07,520.2447509765625,521.9099731445312,525.719970703125,520.8099975585938,525.1400146484375,3970500,-0.009000381752198527,0.7597373475931892,8.24521217507597,0.4902075773831644,14.45001220703125,8.063067284532409,0.10293961192060021,1
2024-10-08,525.1690063476562,526.8499755859375,527.3800048828125,523.5,524.3200073242188,2626700,0.009465238634246642,0.7621736084665971,9.160246344010774,0.3249983451277778,10.3399658203125,17.257585997566167,0.10613706469659237,1
2024-10-09,528.757568359375,530.4500122070312,531.030029296875,526.3099975585938,526.8699951171875,2941800,0.00683313426576504,0.8092911622208395,9.796763180691007,0.3709036442310602,11.45001220703125,11.402146042803864,0.10338009847872089,0
2024-10-10,527.8704223632812,529.5599975585938,530.9000244140625,528.0900268554688,529.27001953125,3637600,-0.0016778482947609197,0.8234634780428046,9.505702986308918,0.45996981669363185,11.45001220703125,11.68547517238268,0.1011467996729921,1
2024-10-11,531.0103759765625,532.7100219726562,533.4299926757812,529.3900146484375,529.5,5429200,0.005948380596315639,0.87205792644742,10.048297262639549,0.6821481409352335,13.8499755859375,14.529069534975775,0.10148685092813027,0
2024-10-14,535.3564453125,537.0700073242188,537.97998046875,533.969970703125,534.25,2638900,0.008184537875629339,0.9646565903075826,10.835458864531446,0.33496634025568334,18.39996337890625,18.16338549665913,0.10417415154872059,0
2024-10-15,531.2794799804688,532.97998046875,537.6099853515625,531.8200073242188,537.3800048828125,4811300,-0.0076154445411055205,0.9651722038492803,9.883671653842498,0.6239390390822663,18.39996337890625,13.051610980627416,0.10945739085084609,0
2024-10-16,533.5123291015625,535.219970703125,535.72998046875,532.219970703125,532.9299926757812,3237200,0.004202766175954498,0.9876074820425882,10.233648942949483,0.4300803843248906,18.39996337890625,13.21843559839499,0.10837217277280044,0
2024-10-17,533.5921020507812,535.2999877929688,538.760009765625,535.1500244140625,538.6199951171875,3225300,0.00014950318415563046,0.9949538266905524,10.13524915392609,0.4352449492666299,19.17999267578125,17.045101642216707,0.0914547065620996,0
2024-10-18,535.6455078125,537.3599853515625,538.0999755859375,535.5599975585938,536.9000244140625,5070400,0.003848304886176157,1.0195870897571966,10.438008709340826,0.6867487584981841,19.17999267578125,16.6982073900554,0.09128730592761164,0
2024-10-21,534.8181762695312,536.530029296875,537.6099853515625,533.7100219726562,536.719970703125,3671400,-0.0015445066199794022,1.0149064610437895,10.14621419542718,0.6016415108717116,19.17999267578125,24.102560821570364,0.0917099661698736,0
2024-10-22,534.4493408203125,536.1599731445312,537.280029296875,533.469970703125,534.1099853515625,3366600,-0.0006897212311279821,0.99417654373183,9.950408660125152,0.5575590354920956,18.94000244140625,23.426596567616897,0.09166074303512307,0
2024-10-23,529.574951171875,531.27001953125,534.719970703125,528.02001953125,534.280029296875,5227800,-0.009120325757631775,0.8947263509060417,8.84144822868767,1.1543977767939062,17.95001220703125,16.529530044442424,0.09791647627748178,0
2024-10-24,530.7710571289062,532.469970703125,533.1799926757812,530.0399780273438,533.1699829101562,4477800,0.002258646503210837,0.8242538031357647,8.978552723061407,0.9975516787374772,17.95001220703125,11.514210335236214,0.09730807768329296,0
2024-10-25,530.561767578125,532.260009765625,537.260009765625,531.4099731445312,534.6500244140625,4327200,-0.0003943150770038262,0.7565438222276436,8.830537013928469,0.97784968882903,15.260009765625,20.455711291583896,0.0956779505058611,0
2024-10-28,532.2164916992188,533.9199829101562,535.5700073242188,533.6699829101562,535.530029296875,3408000,0.003118726025015839,0.7193842690507232,9.062765072135534,0.812401518961995,12.45001220703125,16.05873939407759,0.09514330118902083,0
2024-10-29,533.0637817382812,534.77001953125,535.8200073242188,531.75,533.1199951171875,3027600,0.001592067441380518,0.694629934954246,9.12853191019418,0.7790212831105273,10.739990234375,11.032092077424522,0.08759590035109799,0
2024-10-30,531.4588623046875,533.1599731445312,536.2000122070312,532.5900268554688,534.3499755859375,3067000,-0.003010726719740231,0.6435383079720617,8.692777244813573,0.7912316977685822,10.739990234375,9.310212419953018,0.08878897205896298,1
2024-10-31,521.0023803710938,522.6699829101562,529.22998046875,522.510009765625,529.0900268554688,7972800,-0.019675127096480893,0.4405515847561854,6.458088322681324,1.9567674362954737,16.25,-23.683936252548165,0.11501832522325295,1
2024-11-01,523.26513671875,524.9400024414062,529.0800170898438,524.5399780273438,525.1599731445312,6106900,0.00434312205688725,0.309627070426759,6.825788808584165,1.4851049342185259,16.25,-32.015554721892414,0.11113196188935955,1
2024-11-04,522.1287841796875,523.7999877929688,526.280029296875,522.030029296875,525.0599975585938,3681500,-0.00217170465793326,0.18608316033820185,6.5065453439362395,0.8984417898063525,16.72998046875,-23.507778896033045,0.1064553889116974,1
2024-11-05,528.4086303710938,530.0999755859375,530.1699829101562,524.47998046875,524.719970703125,3300300,0.012027468384475881,0.18157899641491979,7.693607846843552,0.7988468604541394,16.72998046875,-10.103455669477299,0.10974991184750209,1
2024-11-06,541.5665283203125,543.2999877929688,544.1400146484375,538.1699829101562,541.6500244140625,7483300,0.024900986257244906,0.37335508575712695,10.265876940765224,1.716981326884491,22.1099853515625,10.007570487858985,0.13883404772301633,1
2024-11-07,545.7830810546875,547.530029296875,548.47998046875,545.1500244140625,545.219970703125,6051300,0.007785830294401164,0.5807208017167902,11.01000286961263,1.3510110312585815,26.449951171875,12.093566735689933,0.14025850849095012,0
2024-11-08,548.1953735351562,549.9500122070312,551.239990234375,548.0599975585938,548.0700073242188,6798000,0.00441981769157751,0.770534194264506,11.386093637237115,1.4948774389613702,29.2099609375,15.251087483900733,0.13974945507185188,0
2024-11-11,548.6439208984375,550.4000244140625,551.72998046875,548.8499755859375,551.4299926757812,4893100,0.0008182783835666285,0.9155889029900052,11.362015704210087,1.0499673836540608,29.699951171875,16.039798825297765,0.13759705839158828,0
2024-11-12,546.9991455078125,548.75,550.9400024414062,546.4299926757812,550.3900146484375,4818600,-0.0029978639914107763,0.9938976366088156,10.919031279105255,1.033900105243847,29.699951171875,19.61663061497177,0.13458904444154982,0
2024-11-13,547.2783203125,549.030029296875,550.8800048828125,546.969970703125,549.1599731445312,3701600,0.000510303957858671,1.0474913913799513,10.865984582645634,0.7902942573644404,29.699951171875,18.752853853155855,0.134240806683554,0
2024-11-14,543.7993774414062,545.5399780273438,549.5700073242188,544.8800048828125,549.0999755859375,3940300,-0.006356758434508336,1.0269304418248097,10.048214699947499,0.8348844970150914,29.699951171875,15.401026815683139,0.13694519932164476,0
2024-11-15,536.7818603515625,538.5,542.5700073242188,536.75,542.1300048828125,7360100,-0.012904605181823903,0.8974025720518449,8.530836275217755,1.5225504027670322,29.699951171875,5.853676982062183,0.14497254146433622,1
2024-11-18,539.0047607421875,540.72998046875,541.9299926757812,538.1500244140625,538.9199829101562,4504200,0.004141096506499631,0.817901154437184,8.885415357111372,0.9238058124987182,29.699951171875,7.318652311812812,0.1454973054875511,1
2024-11-19,540.968505859375,542.7000122070312,543.3699951171875,536.9000244140625,537.5,6978400,0.0036432818771643394,0.774869491875341,9.183091014079354,1.3801423573410545,29.699951171875,11.016665295757434,0.1458676052329232,1
2024-11-20,541.1678466796875,542.9000244140625,543.0700073242188,537.4400024414062,542.780029296875,3949100,0.0003685502165695631,0.7352350139682757,9.125775763677968,0.7910294840811601,29.699951171875,23.794587349570747,0.14125689822073537,1
2024-11-21,543.8991088867188,545.6400146484375,547.0700073242188,540.0399780273438,545.5800170898438,4530600,0.005046951761205287,0.7355635794337179,9.579745564541664,0.9070279349628979,29.699951171875,24.099977557013673,0.1419000596711396,1
2024-11-22,545.7232055664062,547.469970703125,548.0499877929688,545.3699951171875,545.8200073242188,5574600,0.0033537790586464222,0.7538923384593652,9.848640651288033,1.1022736148172023,27.25,26.852491537909785,0.14194411031185436,1
2024-11-25,547.4776000976562,549.22998046875,552.3800048828125,547.2000122070312,551.2000122070312,4305000,0.003214806034684603,0.7849905957810118,10.103958870001197,0.8437511943342254,15.6300048828125,23.556799958527108,0.14195952131781703,1
2024-11-26,550.5477905273438,552.3099975585938,552.8200073242188,549.8499755859375,550.5,4438600,0.005607882306816192,0.8446166988580104,10.619566227103787,0.8580710703076594,16.07000732421875,17.911537967063694,0.14272551540985168,1
2024-11-27,548.7933959960938,550.5499877929688,552.3800048828125,549.1099853515625,552.0399780273438,3312200,-0.0031866339074159145,0.8561375420011038,10.160517391060745,0.6388011629644987,16.07000732421875,7.219251283196655,0.14280310090305576,1
2024-11-29,551.6842041015625,553.4500122070312,554.7000122070312,551.0700073242188,551.2899780273438,3988700,0.005267504274567347,0.8968889454349421,10.635459376018758,0.8000088250277788,17.95001220703125,8.129904121664907,0.11885203994592503,0
2024-12-02,553.2391967773438,555.010009765625,555.5700073242188,553.8900146484375,554.3599853515625,5441000,0.0028186783344223976,0.9406653269249804,10.843584524026918,1.0986315061509029,18.82000732421875,10.298159991294625,0.11872823008841275,0
2024-12-03,553.3687744140625,555.1400146484375,555.4299926757812,553.7899780273438,554.7999877929688,4202900,0.00023423880745387926,0.9658512996222716,10.763245747542802,0.8441939944904134,18.82000732421875,13.89337398403832,0.11769047776227369,0
2024-12-04,556.8576049804688,558.6400146484375,558.8800048828125,556.1699829101562,556.8300170898438,5490300,0.006304715761151769,1.0241411198246109,11.348127856499088,1.0790482489025854,22.1300048828125,18.832339884685112,0.1135056453140415,0
2024-12-05,555.9306030273438,557.7100219726562,559.4099731445312,557.4600219726562,558.6300048828125,3021600,-0.0016647441131951712,1.0446197804487725,11.051269012991666,0.6210881375372301,22.65997314453125,24.013103780742355,0.07807329401911695,0
2024-12-06,557.0370483398438,558.8200073242188,559.9600219726562,558.0800170898438,558.469970703125,5134900,0.001990255343872871,1.0642867138748004,11.170186092249535,1.0655110091114897,23.05999755859375,48.52969281641372,0.07432915771765299,0
